,value,lat,long
2017-01-01,9.069199999999999,9.707071000000001,51.228388
2017-01-01,6.2488,6.628553,51.938339
2017-01-01,-28.444079999999996,6.804434,52.208448
2017-01-01,1.28628,9.0095,47.629306
2017-01-01,-16.639999999999997,8.165664,47.629306
2017-01-01,46.786440000000006,9.487368,54.769801
2017-01-01,-414.4034,8.740771,54.769801
2017-01-01,248.44,12.299951,50.00156
2017-01-01,-17.59736,12.783043,49.290202
2017-01-01,402.2,6.408965,49.604481
2017-01-01,-7.4,6.233296,49.945034
2017-01-01,12.919999999999998,13.525799,55.072864
2017-01-01,-168.44,13.130464000000002,55.098016
2017-01-01,6.385039999999999,13.041866,47.954065
2017-01-01,-123.75244000000002,12.206069,47.599681
2017-01-01,37.349160000000005,7.946076,48.684614
2017-01-01,-66.92,7.375149,49.089157
2017-01-01,2.3600000000000003,14.713545000000002,52.019543
2017-01-01,-776.92276,14.581793,52.342890999999995
2017-01-02,8.02052,9.707071000000001,51.228388
2017-01-02,246.10388000000003,6.628553,51.938339
2017-01-02,-238.43024,6.804434,52.208448
2017-01-02,66.73012000000001,9.0095,47.629306
2017-01-02,-364.84000000000003,8.165664,47.629306
2017-01-02,44.8,9.487368,54.769801
2017-01-02,-585.0,8.740771,54.769801
2017-01-02,582.46392,12.299951,50.00156
2017-01-02,-290.66488000000004,12.783043,49.290202
2017-01-02,593.6800000000001,6.408965,49.604481
2017-01-02,-18.72,6.233296,49.945034
2017-01-02,0.0,13.525799,55.072864
2017-01-02,-564.88,13.130464000000002,55.098016
2017-01-02,7.13536,13.041866,47.954065
2017-01-02,-246.44940000000003,12.206069,47.599681
2017-01-02,531.0426,7.946076,48.684614
2017-01-02,-129.36579999999998,7.375149,49.089157
2017-01-02,0.0,14.713545000000002,52.019543
2017-01-02,-409.84,14.581793,52.342890999999995
2017-01-03,6.25784,9.707071000000001,51.228388
2017-01-03,212.38496,6.628553,51.938339
2017-01-03,-41.16,6.804434,52.208448
2017-01-03,710.2232799999999,9.0095,47.629306
2017-01-03,-61.239999999999995,8.165664,47.629306
2017-01-03,120.16000000000001,9.487368,54.769801
2017-01-03,-430.5104799999999,8.740771,54.769801
2017-01-03,501.12039999999996,12.299951,50.00156
2017-01-03,-216.04915999999997,12.783043,49.290202
2017-01-03,537.36,6.408965,49.604481
2017-01-03,-40.760000000000005,6.233296,49.945034
2017-01-03,0.0,13.525799,55.072864
2017-01-03,-433.8,13.130464000000002,55.098016
2017-01-03,5.29392,13.041866,47.954065
2017-01-03,-294.95835999999997,12.206069,47.599681
2017-01-03,77.77215999999999,7.946076,48.684614
2017-01-03,-85.20176,7.375149,49.089157
2017-01-03,46.0,14.713545000000002,52.019543
2017-01-03,-337.76,14.581793,52.342890999999995
2017-01-04,28.519959999999998,9.707071000000001,51.228388
2017-01-04,11.82196,6.628553,51.938339
2017-01-04,-42.839999999999996,6.804434,52.208448
2017-01-04,357.16028,9.0095,47.629306
2017-01-04,-335.5512,8.165664,47.629306
2017-01-04,37.70824,9.487368,54.769801
2017-01-04,-107.26336000000003,8.740771,54.769801
2017-01-04,155.68272,12.299951,50.00156
2017-01-04,-2.00124,12.783043,49.290202
2017-01-04,442.4,6.408965,49.604481
2017-01-04,-6.959999999999999,6.233296,49.945034
2017-01-04,12.360000000000001,13.525799,55.072864
2017-01-04,-326.6,13.130464000000002,55.098016
2017-01-04,3.2027200000000002,13.041866,47.954065
2017-01-04,-334.03643999999997,12.206069,47.599681
2017-01-04,327.52564,7.946076,48.684614
2017-01-04,-81.08792,7.375149,49.089157
2017-01-04,144.04000000000002,14.713545000000002,52.019543
2017-01-04,-108.6,14.581793,52.342890999999995
2017-01-05,7.500950000000001,9.707071000000001,51.228388
2017-01-05,244.78089999999997,6.628553,51.938339
2017-01-05,-6.0,6.804434,52.208448
2017-01-05,331.78634999999997,9.0095,47.629306
2017-01-05,-37.15,8.165664,47.629306
2017-01-05,1.8048000000000002,9.487368,54.769801
2017-01-05,-405.90425,8.740771,54.769801
2017-01-05,485.48225,12.299951,50.00156
2017-01-05,-204.50270000000003,12.783043,49.290202
2017-01-05,389.3,6.408965,49.604481
2017-01-05,-9.4,6.233296,49.945034
2017-01-05,77.0,13.525799,55.072864
2017-01-05,0.0,13.130464000000002,55.098016
2017-01-05,4.4544999999999995,13.041866,47.954065
2017-01-05,-28.29075,12.206069,47.599681
2017-01-05,360.1857,7.946076,48.684614
2017-01-05,-91.45,7.375149,49.089157
2017-01-05,0.0,14.713545000000002,52.019543
2017-01-05,-151.4,14.581793,52.342890999999995
2017-01-06,36.50028000000001,9.707071000000001,51.228388
2017-01-06,74.25956,6.628553,51.938339
2017-01-06,-69.04,6.804434,52.208448
2017-01-06,209.54888,9.0095,47.629306
2017-01-06,-382.27544,8.165664,47.629306
2017-01-06,88.24592,9.487368,54.769801
2017-01-06,-81.51536000000002,8.740771,54.769801
2017-01-06,603.04,12.299951,50.00156
2017-01-06,-474.02896,12.783043,49.290202
2017-01-06,516.64,6.408965,49.604481
2017-01-06,-4.32,6.233296,49.945034
2017-01-06,0.0,13.525799,55.072864
2017-01-06,-446.6,13.130464000000002,55.098016
2017-01-06,4.479559999999999,13.041866,47.954065
2017-01-06,-287.51428000000004,12.206069,47.599681
2017-01-06,81.82163999999999,7.946076,48.684614
2017-01-06,-242.88667999999998,7.375149,49.089157
2017-01-06,34.480000000000004,14.713545000000002,52.019543
2017-01-06,-301.68,14.581793,52.342890999999995
2017-01-07,6.37252,9.707071000000001,51.228388
2017-01-07,162.21132,6.628553,51.938339
2017-01-07,-145.56,6.804434,52.208448
2017-01-07,110.51008000000002,9.0095,47.629306
2017-01-07,-335.6,8.165664,47.629306
2017-01-07,184.04000000000002,9.487368,54.769801
2017-01-07,-104.4778,8.740771,54.769801
2017-01-07,741.92476,12.299951,50.00156
2017-01-07,-220.07999999999998,12.783043,49.290202
2017-01-07,450.76000000000005,6.408965,49.604481
2017-01-07,-19.880000000000003,6.233296,49.945034
2017-01-07,0.0,13.525799,55.072864
2017-01-07,-279.84000000000003,13.130464000000002,55.098016
2017-01-07,3.82536,13.041866,47.954065
2017-01-07,-468.32052000000004,12.206069,47.599681
2017-01-07,166.41024,7.946076,48.684614
2017-01-07,-322.72228000000007,7.375149,49.089157
2017-01-07,128.8,14.713545000000002,52.019543
2017-01-07,-74.24000000000001,14.581793,52.342890999999995
2017-01-08,-105.55328,9.707071000000001,51.228388
2017-01-08,230.81752,6.628553,51.938339
2017-01-08,-184.08347999999998,6.804434,52.208448
2017-01-08,338.12907999999993,9.0095,47.629306
2017-01-08,-117.4942,8.165664,47.629306
2017-01-08,89.32000000000001,9.487368,54.769801
2017-01-08,-236.18676,8.740771,54.769801
2017-01-08,451.51899999999995,12.299951,50.00156
2017-01-08,-280.6492,12.783043,49.290202
2017-01-08,497.96000000000004,6.408965,49.604481
2017-01-08,-4.0,6.233296,49.945034
2017-01-08,0.0,13.525799,55.072864
2017-01-08,-396.0,13.130464000000002,55.098016
2017-01-08,3.35732,13.041866,47.954065
2017-01-08,-55.57091999999999,12.206069,47.599681
2017-01-08,163.45116000000002,7.946076,48.684614
2017-01-08,-349.72332,7.375149,49.089157
2017-01-08,83.8,14.713545000000002,52.019543
2017-01-08,-20.0,14.581793,52.342890999999995
2017-01-09,22.055680000000006,9.707071000000001,51.228388
2017-01-09,141.48804,6.628553,51.938339
2017-01-09,-134.56,6.804434,52.208448
2017-01-09,273.94075999999995,9.0095,47.629306
2017-01-09,-224.06088,8.165664,47.629306
2017-01-09,62.81996,9.487368,54.769801
2017-01-09,-328.43603999999993,8.740771,54.769801
2017-01-09,400.12,12.299951,50.00156
2017-01-09,-380.30212,12.783043,49.290202
2017-01-09,522.9599999999999,6.408965,49.604481
2017-01-09,-3.16,6.233296,49.945034
2017-01-09,37.68,13.525799,55.072864
2017-01-09,0.0,13.130464000000002,55.098016
2017-01-09,3.6844,13.041866,47.954065
2017-01-09,-251.3732,12.206069,47.599681
2017-01-09,132.55988,7.946076,48.684614
2017-01-09,-129.27555999999998,7.375149,49.089157
2017-01-09,196.6,14.713545000000002,52.019543
2017-01-09,-88.4,14.581793,52.342890999999995
2017-01-10,6.274,9.707071000000001,51.228388
2017-01-10,125.1661,6.628553,51.938339
2017-01-10,-117.2,6.804434,52.208448
2017-01-10,1.9749499999999998,9.0095,47.629306
2017-01-10,-256.09999999999997,8.165664,47.629306
2017-01-10,394.6378,9.487368,54.769801
2017-01-10,-335.15,8.740771,54.769801
2017-01-10,285.80375,12.299951,50.00156
2017-01-10,-2.0599000000000003,12.783043,49.290202
2017-01-10,426.04999999999995,6.408965,49.604481
2017-01-10,-17.950000000000003,6.233296,49.945034
2017-01-10,100.30000000000001,13.525799,55.072864
2017-01-10,-54.4,13.130464000000002,55.098016
2017-01-10,3.9227500000000006,13.041866,47.954065
2017-01-10,-257.1216,12.206069,47.599681
2017-01-10,39.479549999999996,7.946076,48.684614
2017-01-10,-319.7385,7.375149,49.089157
2017-01-10,234.14999999999998,14.713545000000002,52.019543
2017-01-10,-36.599999999999994,14.581793,52.342890999999995
2017-01-11,8.68184,9.707071000000001,51.228388
2017-01-11,178.91220000000004,6.628553,51.938339
2017-01-11,-10.120000000000001,6.804434,52.208448
2017-01-11,162.76124,9.0095,47.629306
2017-01-11,-9.16,8.165664,47.629306
2017-01-11,178.0442,9.487368,54.769801
2017-01-11,-252.49123999999998,8.740771,54.769801
2017-01-11,318.886,12.299951,50.00156
2017-01-11,-389.09636,12.783043,49.290202
2017-01-11,431.56000000000006,6.408965,49.604481
2017-01-11,-11.52,6.233296,49.945034
2017-01-11,2.44,13.525799,55.072864
2017-01-11,-29.68,13.130464000000002,55.098016
2017-01-11,4.3479600000000005,13.041866,47.954065
2017-01-11,-389.40492000000006,12.206069,47.599681
2017-01-11,4.3096000000000005,7.946076,48.684614
2017-01-11,-156.2498,7.375149,49.089157
2017-01-11,91.35999999999999,14.713545000000002,52.019543
2017-01-11,-412.96000000000004,14.581793,52.342890999999995
2017-01-12,5.75064,9.707071000000001,51.228388
2017-01-12,164.71388000000002,6.628553,51.938339
2017-01-12,-102.52228,6.804434,52.208448
2017-01-12,1.61328,9.0095,47.629306
2017-01-12,-35.239999999999995,8.165664,47.629306
2017-01-12,96.52,9.487368,54.769801
2017-01-12,-48.159800000000004,8.740771,54.769801
2017-01-12,147.36,12.299951,50.00156
2017-01-12,-22.84444,12.783043,49.290202
2017-01-12,580.6,6.408965,49.604481
2017-01-12,-9.4,6.233296,49.945034
2017-01-12,0.0,13.525799,55.072864
2017-01-12,-541.4,13.130464000000002,55.098016
2017-01-12,4.95608,13.041866,47.954065
2017-01-12,-61.04484,12.206069,47.599681
2017-01-12,54.81175999999999,7.946076,48.684614
2017-01-12,-20.0,7.375149,49.089157
2017-01-12,76.0,14.713545000000002,52.019543
2017-01-12,-365.128,14.581793,52.342890999999995
2017-01-13,9.864880000000003,9.707071000000001,51.228388
2017-01-13,40.016999999999996,6.628553,51.938339
2017-01-13,-80.67999999999999,6.804434,52.208448
2017-01-13,775.84832,9.0095,47.629306
2017-01-13,-8.120000000000001,8.165664,47.629306
2017-01-13,197.72487999999998,9.487368,54.769801
2017-01-13,-488.36,8.740771,54.769801
2017-01-13,472.15999999999997,12.299951,50.00156
2017-01-13,-600.0158,12.783043,49.290202
2017-01-13,618.8399999999999,6.408965,49.604481
2017-01-13,-35.36,6.233296,49.945034
2017-01-13,30.6,13.525799,55.072864
2017-01-13,-396.24,13.130464000000002,55.098016
2017-01-13,7.13352,13.041866,47.954065
2017-01-13,-529.36228,12.206069,47.599681
2017-01-13,404.58068,7.946076,48.684614
2017-01-13,-5.0,7.375149,49.089157
2017-01-13,17.6,14.713545000000002,52.019543
2017-01-13,-423.3295999999999,14.581793,52.342890999999995
2017-01-14,10.5114,9.707071000000001,51.228388
2017-01-14,225.73592,6.628553,51.938339
2017-01-14,-13.319999999999999,6.804434,52.208448
2017-01-14,356.63688,9.0095,47.629306
2017-01-14,-8.84,8.165664,47.629306
2017-01-14,72.9698,9.487368,54.769801
2017-01-14,-315.24,8.740771,54.769801
2017-01-14,156.16,12.299951,50.00156
2017-01-14,-467.08592,12.783043,49.290202
2017-01-14,547.92,6.408965,49.604481
2017-01-14,-19.919999999999998,6.233296,49.945034
2017-01-14,39.48,13.525799,55.072864
2017-01-14,-81.12,13.130464000000002,55.098016
2017-01-14,7.382679999999999,13.041866,47.954065
2017-01-14,-617.5328,12.206069,47.599681
2017-01-14,103.74007999999999,7.946076,48.684614
2017-01-14,0.0,7.375149,49.089157
2017-01-14,29.360000000000003,14.713545000000002,52.019543
2017-01-14,-340.71999999999997,14.581793,52.342890999999995
2017-01-15,8.777249999999999,9.707071000000001,51.228388
2017-01-15,78.21695,6.628553,51.938339
2017-01-15,-10.8,6.804434,52.208448
2017-01-15,1.7082,9.0095,47.629306
2017-01-15,-8.2,8.165664,47.629306
2017-01-15,69.47,9.487368,54.769801
2017-01-15,-111.0025,8.740771,54.769801
2017-01-15,208.55,12.299951,50.00156
2017-01-15,-637.50065,12.783043,49.290202
2017-01-15,528.7,6.408965,49.604481
2017-01-15,-4.7,6.233296,49.945034
2017-01-15,48.7,13.525799,55.072864
2017-01-15,-468.95000000000005,13.130464000000002,55.098016
2017-01-15,6.3027500000000005,13.041866,47.954065
2017-01-15,-717.2041,12.206069,47.599681
2017-01-15,86.38950000000001,7.946076,48.684614
2017-01-15,0.0,7.375149,49.089157
2017-01-15,44.75,14.713545000000002,52.019543
2017-01-15,-407.25,14.581793,52.342890999999995
2017-01-16,7.75676,9.707071000000001,51.228388
2017-01-16,158.61684,6.628553,51.938339
2017-01-16,-204.2,6.804434,52.208448
2017-01-16,2.0757199999999996,9.0095,47.629306
2017-01-16,-230.64000000000001,8.165664,47.629306
2017-01-16,0.0,9.487368,54.769801
2017-01-16,-523.4184,8.740771,54.769801
2017-01-16,383.52,12.299951,50.00156
2017-01-16,-223.67428,12.783043,49.290202
2017-01-16,635.68,6.408965,49.604481
2017-01-16,-5.119999999999999,6.233296,49.945034
2017-01-16,0.0,13.525799,55.072864
2017-01-16,-597.8399999999999,13.130464000000002,55.098016
2017-01-16,6.359319999999999,13.041866,47.954065
2017-01-16,-227.49439999999998,12.206069,47.599681
2017-01-16,40.53788,7.946076,48.684614
2017-01-16,-226.86864,7.375149,49.089157
2017-01-16,0.0,14.713545000000002,52.019543
2017-01-16,-394.2414,14.581793,52.342890999999995
2017-01-17,5.492279999999999,9.707071000000001,51.228388
2017-01-17,401.20244,6.628553,51.938339
2017-01-17,-239.30627999999996,6.804434,52.208448
2017-01-17,2.0172800000000004,9.0095,47.629306
2017-01-17,-62.92,8.165664,47.629306
2017-01-17,7.0,9.487368,54.769801
2017-01-17,-324.5446,8.740771,54.769801
2017-01-17,460.04984,12.299951,50.00156
2017-01-17,-249.06812,12.783043,49.290202
2017-01-17,646.0800000000002,6.408965,49.604481
2017-01-17,-20.84,6.233296,49.945034
2017-01-17,0.0,13.525799,55.072864
2017-01-17,-614.76,13.130464000000002,55.098016
2017-01-17,6.263520000000001,13.041866,47.954065
2017-01-17,-175.62556,12.206069,47.599681
2017-01-17,467.90767999999997,7.946076,48.684614
2017-01-17,0.0,7.375149,49.089157
2017-01-17,0.0,14.713545000000002,52.019543
2017-01-17,-419.3624,14.581793,52.342890999999995
2017-01-18,6.860200000000001,9.707071000000001,51.228388
2017-01-18,177.56,6.628553,51.938339
2017-01-18,-415.43999999999994,6.804434,52.208448
2017-01-18,1.99496,9.0095,47.629306
2017-01-18,-475.0,8.165664,47.629306
2017-01-18,0.0,9.487368,54.769801
2017-01-18,-607.8,8.740771,54.769801
2017-01-18,612.3268,12.299951,50.00156
2017-01-18,-351.56987999999996,12.783043,49.290202
2017-01-18,639.08,6.408965,49.604481
2017-01-18,-29.68,6.233296,49.945034
2017-01-18,0.0,13.525799,55.072864
2017-01-18,-608.92,13.130464000000002,55.098016
2017-01-18,7.18088,13.041866,47.954065
2017-01-18,-306.21776,12.206069,47.599681
2017-01-18,625.29,7.946076,48.684614
2017-01-18,-3.4799999999999995,7.375149,49.089157
2017-01-18,0.0,14.713545000000002,52.019543
2017-01-18,-442.0799999999999,14.581793,52.342890999999995
2017-01-19,7.4893600000000005,9.707071000000001,51.228388
2017-01-19,104.08,6.628553,51.938339
2017-01-19,-346.17788,6.804434,52.208448
2017-01-19,1.99696,9.0095,47.629306
2017-01-19,-32.48,8.165664,47.629306
2017-01-19,0.0,9.487368,54.769801
2017-01-19,-597.8062,8.740771,54.769801
2017-01-19,606.12144,12.299951,50.00156
2017-01-19,-396.27724,12.783043,49.290202
2017-01-19,651.6,6.408965,49.604481
2017-01-19,-31.2,6.233296,49.945034
2017-01-19,0.0,13.525799,55.072864
2017-01-19,-604.92,13.130464000000002,55.098016
2017-01-19,7.85128,13.041866,47.954065
2017-01-19,-246.59128,12.206069,47.599681
2017-01-19,760.60556,7.946076,48.684614
2017-01-19,-23.919999999999998,7.375149,49.089157
2017-01-19,0.0,14.713545000000002,52.019543
2017-01-19,-438.08000000000004,14.581793,52.342890999999995
2017-01-20,7.9703,9.707071000000001,51.228388
2017-01-20,71.89999999999999,6.628553,51.938339
2017-01-20,-270.93575,6.804434,52.208448
2017-01-20,2.0269999999999997,9.0095,47.629306
2017-01-20,-7.0,8.165664,47.629306
2017-01-20,0.0,9.487368,54.769801
2017-01-20,-595.0,8.740771,54.769801
2017-01-20,581.3000000000001,12.299951,50.00156
2017-01-20,-454.32804999999996,12.783043,49.290202
2017-01-20,675.5,6.408965,49.604481
2017-01-20,-31.650000000000002,6.233296,49.945034
2017-01-20,0.0,13.525799,55.072864
2017-01-20,-615.0,13.130464000000002,55.098016
2017-01-20,7.724349999999999,13.041866,47.954065
2017-01-20,-328.5027,12.206069,47.599681
2017-01-20,453.23195000000004,7.946076,48.684614
2017-01-20,0.0,7.375149,49.089157
2017-01-20,0.0,14.713545000000002,52.019543
2017-01-20,-476.80000000000007,14.581793,52.342890999999995
2017-01-21,10.545079999999999,9.707071000000001,51.228388
2017-01-21,170.40879999999999,6.628553,51.938339
2017-01-21,-70.72,6.804434,52.208448
2017-01-21,2.0069999999999997,9.0095,47.629306
2017-01-21,-91.4,8.165664,47.629306
2017-01-21,0.0,9.487368,54.769801
2017-01-21,-561.645,8.740771,54.769801
2017-01-21,303.92,12.299951,50.00156
2017-01-21,-36.506919999999994,12.783043,49.290202
2017-01-21,582.1600000000001,6.408965,49.604481
2017-01-21,-13.639999999999997,6.233296,49.945034
2017-01-21,0.0,13.525799,55.072864
2017-01-21,-615.0,13.130464000000002,55.098016
2017-01-21,7.455879999999999,13.041866,47.954065
2017-01-21,-434.48596,12.206069,47.599681
2017-01-21,3.8710800000000005,7.946076,48.684614
2017-01-21,0.0,7.375149,49.089157
2017-01-21,19.56,14.713545000000002,52.019543
2017-01-21,-493.16084,14.581793,52.342890999999995
2017-01-22,9.983880000000001,9.707071000000001,51.228388
2017-01-22,27.223679999999995,6.628553,51.938339
2017-01-22,-20.36,6.804434,52.208448
2017-01-22,2.0069999999999997,9.0095,47.629306
2017-01-22,-7.5200000000000005,8.165664,47.629306
2017-01-22,0.0,9.487368,54.769801
2017-01-22,-1.4062000000000001,8.740771,54.769801
2017-01-22,154.52,12.299951,50.00156
2017-01-22,-168.63212,12.783043,49.290202
2017-01-22,541.68,6.408965,49.604481
2017-01-22,-5.76,6.233296,49.945034
2017-01-22,0.0,13.525799,55.072864
2017-01-22,-615.0,13.130464000000002,55.098016
2017-01-22,6.744079999999999,13.041866,47.954065
2017-01-22,-533.64608,12.206069,47.599681
2017-01-22,3.75604,7.946076,48.684614
2017-01-22,0.0,7.375149,49.089157
2017-01-22,8.0,14.713545000000002,52.019543
2017-01-22,-596.76616,14.581793,52.342890999999995
2017-01-23,6.30832,9.707071000000001,51.228388
2017-01-23,235.92419999999998,6.628553,51.938339
2017-01-23,-170.13291999999998,6.804434,52.208448
2017-01-23,1.9713599999999996,9.0095,47.629306
2017-01-23,-209.38412000000002,8.165664,47.629306
2017-01-23,0.0,9.487368,54.769801
2017-01-23,-421.06039999999996,8.740771,54.769801
2017-01-23,507.05588,12.299951,50.00156
2017-01-23,-241.86568000000003,12.783043,49.290202
2017-01-23,638.32,6.408965,49.604481
2017-01-23,-9.88,6.233296,49.945034
2017-01-23,0.0,13.525799,55.072864
2017-01-23,-615.0,13.130464000000002,55.098016
2017-01-23,6.60428,13.041866,47.954065
2017-01-23,-107.76968000000002,12.206069,47.599681
2017-01-23,196.97323999999998,7.946076,48.684614
2017-01-23,-134.21264,7.375149,49.089157
2017-01-23,0.0,14.713545000000002,52.019543
2017-01-23,-383.3224,14.581793,52.342890999999995
2017-01-24,4.34884,9.707071000000001,51.228388
2017-01-24,121.88,6.628553,51.938339
2017-01-24,-326.3066,6.804434,52.208448
2017-01-24,2.0198799999999997,9.0095,47.629306
2017-01-24,-244.11999999999998,8.165664,47.629306
2017-01-24,0.0,9.487368,54.769801
2017-01-24,-296.26640000000003,8.740771,54.769801
2017-01-24,503.64340000000004,12.299951,50.00156
2017-01-24,-130.08751999999998,12.783043,49.290202
2017-01-24,658.92,6.408965,49.604481
2017-01-24,-4.4799999999999995,6.233296,49.945034
2017-01-24,0.0,13.525799,55.072864
2017-01-24,-615.0,13.130464000000002,55.098016
2017-01-24,6.594119999999999,13.041866,47.954065
2017-01-24,-321.56772,12.206069,47.599681
2017-01-24,476.4732400000001,7.946076,48.684614
2017-01-24,-37.74924,7.375149,49.089157
2017-01-24,0.0,14.713545000000002,52.019543
2017-01-24,-393.32000000000005,14.581793,52.342890999999995
2017-01-25,5.28125,9.707071000000001,51.228388
2017-01-25,43.2,6.628553,51.938339
2017-01-25,-494.73695,6.804434,52.208448
2017-01-25,1.9850500000000002,9.0095,47.629306
2017-01-25,-406.1,8.165664,47.629306
2017-01-25,0.0,9.487368,54.769801
2017-01-25,-498.25275,8.740771,54.769801
2017-01-25,483.7,12.299951,50.00156
2017-01-25,-475.45885000000004,12.783043,49.290202
2017-01-25,673.35,6.408965,49.604481
2017-01-25,-14.05,6.233296,49.945034
2017-01-25,0.0,13.525799,55.072864
2017-01-25,-615.0,13.130464000000002,55.098016
2017-01-25,7.28635,13.041866,47.954065
2017-01-25,-200.6735,12.206069,47.599681
2017-01-25,546.8,7.946076,48.684614
2017-01-25,-148.92255,7.375149,49.089157
2017-01-25,0.0,14.713545000000002,52.019543
2017-01-25,-292.0,14.581793,52.342890999999995
2017-01-26,7.96704,9.707071000000001,51.228388
2017-01-26,309.84,6.628553,51.938339
2017-01-26,-101.64000000000001,6.804434,52.208448
2017-01-26,1.6882000000000001,9.0095,47.629306
2017-01-26,-1.33324,8.165664,47.629306
2017-01-26,55.8,9.487368,54.769801
2017-01-26,-616.6,8.740771,54.769801
2017-01-26,531.3199999999999,12.299951,50.00156
2017-01-26,-470.42148,12.783043,49.290202
2017-01-26,638.48,6.408965,49.604481
2017-01-26,-23.160000000000004,6.233296,49.945034
2017-01-26,0.0,13.525799,55.072864
2017-01-26,-548.4399999999999,13.130464000000002,55.098016
2017-01-26,8.27676,13.041866,47.954065
2017-01-26,-535.2520000000001,12.206069,47.599681
2017-01-26,433.71412,7.946076,48.684614
2017-01-26,0.0,7.375149,49.089157
2017-01-26,0.0,14.713545000000002,52.019543
2017-01-26,-538.76,14.581793,52.342890999999995
2017-01-27,8.20072,9.707071000000001,51.228388
2017-01-27,118.52000000000002,6.628553,51.938339
2017-01-27,-136.52,6.804434,52.208448
2017-01-27,1.6150799999999996,9.0095,47.629306
2017-01-27,-7.08,8.165664,47.629306
2017-01-27,25.119999999999997,9.487368,54.769801
2017-01-27,-577.1600000000001,8.740771,54.769801
2017-01-27,286.36,12.299951,50.00156
2017-01-27,-327.26008,12.783043,49.290202
2017-01-27,630.9199999999998,6.408965,49.604481
2017-01-27,-28.96,6.233296,49.945034
2017-01-27,0.0,13.525799,55.072864
2017-01-27,-423.68,13.130464000000002,55.098016
2017-01-27,7.13708,13.041866,47.954065
2017-01-27,-516.60944,12.206069,47.599681
2017-01-27,154.37187999999998,7.946076,48.684614
2017-01-27,0.0,7.375149,49.089157
2017-01-27,0.0,14.713545000000002,52.019543
2017-01-27,-331.23999999999995,14.581793,52.342890999999995
2017-01-28,10.54736,9.707071000000001,51.228388
2017-01-28,252.13804,6.628553,51.938339
2017-01-28,-54.36,6.804434,52.208448
2017-01-28,1.7032800000000001,9.0095,47.629306
2017-01-28,-14.440000000000001,8.165664,47.629306
2017-01-28,0.0,9.487368,54.769801
2017-01-28,-585.0,8.740771,54.769801
2017-01-28,218.08,12.299951,50.00156
2017-01-28,-228.19919999999996,12.783043,49.290202
2017-01-28,555.8,6.408965,49.604481
2017-01-28,-24.48,6.233296,49.945034
2017-01-28,0.0,13.525799,55.072864
2017-01-28,-571.12,13.130464000000002,55.098016
2017-01-28,6.8118799999999995,13.041866,47.954065
2017-01-28,-520.7465599999999,12.206069,47.599681
2017-01-28,3.59728,7.946076,48.684614
2017-01-28,-192.16,7.375149,49.089157
2017-01-28,0.0,14.713545000000002,52.019543
2017-01-28,-432.84,14.581793,52.342890999999995
2017-01-29,10.53084,9.707071000000001,51.228388
2017-01-29,297.7276,6.628553,51.938339
2017-01-29,-139.8,6.804434,52.208448
2017-01-29,1.38312,9.0095,47.629306
2017-01-29,-30.560000000000002,8.165664,47.629306
2017-01-29,91.4,9.487368,54.769801
2017-01-29,-586.2,8.740771,54.769801
2017-01-29,304.76000000000005,12.299951,50.00156
2017-01-29,-590.92552,12.783043,49.290202
2017-01-29,518.0,6.408965,49.604481
2017-01-29,-22.400000000000002,6.233296,49.945034
2017-01-29,0.0,13.525799,55.072864
2017-01-29,-294.71999999999997,13.130464000000002,55.098016
2017-01-29,8.155999999999999,13.041866,47.954065
2017-01-29,-431.8923199999999,12.206069,47.599681
2017-01-29,2.29468,7.946076,48.684614
2017-01-29,-187.55092,7.375149,49.089157
2017-01-29,1.2,14.713545000000002,52.019543
2017-01-29,-630.4399999999999,14.581793,52.342890999999995
2017-01-30,10.982949999999999,9.707071000000001,51.228388
2017-01-30,406.91395,6.628553,51.938339
2017-01-30,-61.2,6.804434,52.208448
2017-01-30,1.9137499999999998,9.0095,47.629306
2017-01-30,-17.05,8.165664,47.629306
2017-01-30,4.15,9.487368,54.769801
2017-01-30,-585.0,8.740771,54.769801
2017-01-30,558.3,12.299951,50.00156
2017-01-30,-481.85,12.783043,49.290202
2017-01-30,655.3,6.408965,49.604481
2017-01-30,-27.25,6.233296,49.945034
2017-01-30,0.0,13.525799,55.072864
2017-01-30,-614.75,13.130464000000002,55.098016
2017-01-30,6.9992,13.041866,47.954065
2017-01-30,-374.7,12.206069,47.599681
2017-01-30,3.13905,7.946076,48.684614
2017-01-30,-63.15,7.375149,49.089157
2017-01-30,0.0,14.713545000000002,52.019543
2017-01-30,-632.55,14.581793,52.342890999999995
2017-01-31,7.08304,9.707071000000001,51.228388
2017-01-31,258.84000000000003,6.628553,51.938339
2017-01-31,-126.65112000000002,6.804434,52.208448
2017-01-31,1.9156,9.0095,47.629306
2017-01-31,-135.48,8.165664,47.629306
2017-01-31,0.0,9.487368,54.769801
2017-01-31,-599.8,8.740771,54.769801
2017-01-31,591.96,12.299951,50.00156
2017-01-31,-296.50512,12.783043,49.290202
2017-01-31,626.92,6.408965,49.604481
2017-01-31,-2.8,6.233296,49.945034
2017-01-31,0.0,13.525799,55.072864
2017-01-31,-536.52,13.130464000000002,55.098016
2017-01-31,6.587159999999999,13.041866,47.954065
2017-01-31,-355.62592000000006,12.206069,47.599681
2017-01-31,387.30951999999996,7.946076,48.684614
2017-01-31,-178.74576,7.375149,49.089157
2017-01-31,0.0,14.713545000000002,52.019543
2017-01-31,-468.56624,14.581793,52.342890999999995
2017-02-01,6.40172,9.707071000000001,51.228388
2017-02-01,99.31464,6.628553,51.938339
2017-02-01,-97.16,6.804434,52.208448
2017-02-01,1.6746400000000001,9.0095,47.629306
2017-02-01,-115.64000000000001,8.165664,47.629306
2017-02-01,79.2,9.487368,54.769801
2017-02-01,-600.04,8.740771,54.769801
2017-02-01,452.12092,12.299951,50.00156
2017-02-01,-1.4921600000000002,12.783043,49.290202
2017-02-01,532.6,6.408965,49.604481
2017-02-01,-9.959999999999999,6.233296,49.945034
2017-02-01,0.0,13.525799,55.072864
2017-02-01,-423.56000000000006,13.130464000000002,55.098016
2017-02-01,5.50944,13.041866,47.954065
2017-02-01,-385.20992,12.206069,47.599681
2017-02-01,57.28220000000001,7.946076,48.684614
2017-02-01,-133.26407999999998,7.375149,49.089157
2017-02-01,0.0,14.713545000000002,52.019543
2017-02-01,-391.5964,14.581793,52.342890999999995
2017-02-02,8.331320000000002,9.707071000000001,51.228388
2017-02-02,131.86468,6.628553,51.938339
2017-02-02,-345.85124,6.804434,52.208448
2017-02-02,99.33792,9.0095,47.629306
2017-02-02,-23.32,8.165664,47.629306
2017-02-02,39.004000000000005,9.487368,54.769801
2017-02-02,-553.8399999999999,8.740771,54.769801
2017-02-02,406.89192,12.299951,50.00156
2017-02-02,-463.69732000000005,12.783043,49.290202
2017-02-02,596.2400000000001,6.408965,49.604481
2017-02-02,-27.2,6.233296,49.945034
2017-02-02,0.0,13.525799,55.072864
2017-02-02,-524.5600000000001,13.130464000000002,55.098016
2017-02-02,7.41152,13.041866,47.954065
2017-02-02,-323.48192,12.206069,47.599681
2017-02-02,351.56972,7.946076,48.684614
2017-02-02,-208.2938,7.375149,49.089157
2017-02-02,0.0,14.713545000000002,52.019543
2017-02-02,-296.76000000000005,14.581793,52.342890999999995
2017-02-03,9.523599999999998,9.707071000000001,51.228388
2017-02-03,237.74611999999996,6.628553,51.938339
2017-02-03,-39.48,6.804434,52.208448
2017-02-03,678.8599200000001,9.0095,47.629306
2017-02-03,-168.76,8.165664,47.629306
2017-02-03,70.4318,9.487368,54.769801
2017-02-03,-261.79164000000003,8.740771,54.769801
2017-02-03,439.64,12.299951,50.00156
2017-02-03,-395.40988,12.783043,49.290202
2017-02-03,533.4399999999999,6.408965,49.604481
2017-02-03,-37.68,6.233296,49.945034
2017-02-03,52.71999999999999,13.525799,55.072864
2017-02-03,-81.0,13.130464000000002,55.098016
2017-02-03,5.92168,13.041866,47.954065
2017-02-03,-407.60623999999996,12.206069,47.599681
2017-02-03,211.60747999999998,7.946076,48.684614
2017-02-03,-64.72,7.375149,49.089157
2017-02-03,74.4,14.713545000000002,52.019543
2017-02-03,-235.04000000000002,14.581793,52.342890999999995
2017-02-04,5.880649999999999,9.707071000000001,51.228388
2017-02-04,2.6973,6.628553,51.938339
2017-02-04,-25.6,6.804434,52.208448
2017-02-04,85.6525,9.0095,47.629306
2017-02-04,-459.80525,8.165664,47.629306
2017-02-04,177.72199999999998,9.487368,54.769801
2017-02-04,-211.46424999999996,8.740771,54.769801
2017-02-04,235.35,12.299951,50.00156
2017-02-04,-1.94215,12.783043,49.290202
2017-02-04,419.69999999999993,6.408965,49.604481
2017-02-04,-4.75,6.233296,49.945034
2017-02-04,80.9,13.525799,55.072864
2017-02-04,-240.45,13.130464000000002,55.098016
2017-02-04,3.5,13.041866,47.954065
2017-02-04,-361.383,12.206069,47.599681
2017-02-04,69.45025,7.946076,48.684614
2017-02-04,-338.5171,7.375149,49.089157
2017-02-04,58.300000000000004,14.713545000000002,52.019543
2017-02-04,-112.5,14.581793,52.342890999999995
2017-02-05,7.0001999999999995,9.707071000000001,51.228388
2017-02-05,150.49307999999996,6.628553,51.938339
2017-02-05,-15.680000000000001,6.804434,52.208448
2017-02-05,29.603320000000004,9.0095,47.629306
2017-02-05,-42.64,8.165664,47.629306
2017-02-05,135.05383999999998,9.487368,54.769801
2017-02-05,-492.74672,8.740771,54.769801
2017-02-05,646.4399999999999,12.299951,50.00156
2017-02-05,-33.591359999999995,12.783043,49.290202
2017-02-05,510.6,6.408965,49.604481
2017-02-05,-3.96,6.233296,49.945034
2017-02-05,18.48,13.525799,55.072864
2017-02-05,-221.0,13.130464000000002,55.098016
2017-02-05,5.02792,13.041866,47.954065
2017-02-05,-237.37723999999997,12.206069,47.599681
2017-02-05,31.384680000000003,7.946076,48.684614
2017-02-05,-24.6,7.375149,49.089157
2017-02-05,42.239999999999995,14.713545000000002,52.019543
2017-02-05,-370.76740000000007,14.581793,52.342890999999995
2017-02-06,-69.65292000000001,9.707071000000001,51.228388
2017-02-06,129.21556,6.628553,51.938339
2017-02-06,-82.64000000000001,6.804434,52.208448
2017-02-06,448.1548000000001,9.0095,47.629306
2017-02-06,-67.80732,8.165664,47.629306
2017-02-06,128.01072,9.487368,54.769801
2017-02-06,-363.41592,8.740771,54.769801
2017-02-06,607.68312,12.299951,50.00156
2017-02-06,-472.56139999999994,12.783043,49.290202
2017-02-06,525.56,6.408965,49.604481
2017-02-06,-3.5200000000000005,6.233296,49.945034
2017-02-06,25.639999999999997,13.525799,55.072864
2017-02-06,-235.56,13.130464000000002,55.098016
2017-02-06,3.85028,13.041866,47.954065
2017-02-06,-349.55348000000004,12.206069,47.599681
2017-02-06,367.7252,7.946076,48.684614
2017-02-06,-176.24216,7.375149,49.089157
2017-02-06,117.6,14.713545000000002,52.019543
2017-02-06,-144.64000000000001,14.581793,52.342890999999995
2017-02-07,7.219080000000001,9.707071000000001,51.228388
2017-02-07,2.0521599999999998,6.628553,51.938339
2017-02-07,-119.04,6.804434,52.208448
2017-02-07,1.49952,9.0095,47.629306
2017-02-07,-255.64000000000001,8.165664,47.629306
2017-02-07,75.04896,9.487368,54.769801
2017-02-07,-251.34828000000002,8.740771,54.769801
2017-02-07,532.8480000000001,12.299951,50.00156
2017-02-07,-278.8,12.783043,49.290202
2017-02-07,367.43999999999994,6.408965,49.604481
2017-02-07,-9.120000000000001,6.233296,49.945034
2017-02-07,33.8,13.525799,55.072864
2017-02-07,-195.92000000000002,13.130464000000002,55.098016
2017-02-07,3.6801599999999994,13.041866,47.954065
2017-02-07,-244.16055999999998,12.206069,47.599681
2017-02-07,282.87915999999996,7.946076,48.684614
2017-02-07,-229.84,7.375149,49.089157
2017-02-07,64.44,14.713545000000002,52.019543
2017-02-07,-92.32000000000001,14.581793,52.342890999999995
2017-02-08,27.94544,9.707071000000001,51.228388
2017-02-08,156.35348000000002,6.628553,51.938339
2017-02-08,-277.24,6.804434,52.208448
2017-02-08,273.20032000000003,9.0095,47.629306
2017-02-08,-256.55692000000005,8.165664,47.629306
2017-02-08,93.7188,9.487368,54.769801
2017-02-08,-509.62839999999994,8.740771,54.769801
2017-02-08,501.14024000000006,12.299951,50.00156
2017-02-08,-57.55964,12.783043,49.290202
2017-02-08,492.68,6.408965,49.604481
2017-02-08,-9.28,6.233296,49.945034
2017-02-08,0.0,13.525799,55.072864
2017-02-08,-306.6,13.130464000000002,55.098016
2017-02-08,3.6041600000000003,13.041866,47.954065
2017-02-08,-143.72415999999998,12.206069,47.599681
2017-02-08,196.19396,7.946076,48.684614
2017-02-08,-263.41328000000004,7.375149,49.089157
2017-02-08,84.55999999999999,14.713545000000002,52.019543
2017-02-08,-52.52,14.581793,52.342890999999995
2017-02-09,4.7421500000000005,9.707071000000001,51.228388
2017-02-09,2.7287,6.628553,51.938339
2017-02-09,-21.95,6.804434,52.208448
2017-02-09,390.47005,9.0095,47.629306
2017-02-09,-369.4706,8.165664,47.629306
2017-02-09,151.91969999999998,9.487368,54.769801
2017-02-09,-259.1,8.740771,54.769801
2017-02-09,508.85,12.299951,50.00156
2017-02-09,-469.81674999999996,12.783043,49.290202
2017-02-09,456.3,6.408965,49.604481
2017-02-09,-4.449999999999999,6.233296,49.945034
2017-02-09,0.0,13.525799,55.072864
2017-02-09,0.0,13.130464000000002,55.098016
2017-02-09,3.1185500000000004,13.041866,47.954065
2017-02-09,-50.612249999999996,12.206069,47.599681
2017-02-09,299.5766,7.946076,48.684614
2017-02-09,-407.09755,7.375149,49.089157
2017-02-09,157.85,14.713545000000002,52.019543
2017-02-09,-158.1,14.581793,52.342890999999995
2017-02-10,8.88324,9.707071000000001,51.228388
2017-02-10,496.09684,6.628553,51.938339
2017-02-10,-4.720000000000001,6.804434,52.208448
2017-02-10,721.90512,9.0095,47.629306
2017-02-10,-27.080000000000002,8.165664,47.629306
2017-02-10,268.93056,9.487368,54.769801
2017-02-10,-292.12,8.740771,54.769801
2017-02-10,507.22252,12.299951,50.00156
2017-02-10,-490.52736000000004,12.783043,49.290202
2017-02-10,540.5200000000001,6.408965,49.604481
2017-02-10,-37.64,6.233296,49.945034
2017-02-10,53.56,13.525799,55.072864
2017-02-10,-11.08,13.130464000000002,55.098016
2017-02-10,5.7024,13.041866,47.954065
2017-02-10,-291.40471999999994,12.206069,47.599681
2017-02-10,117.9852,7.946076,48.684614
2017-02-10,-205.11999999999998,7.375149,49.089157
2017-02-10,0.0,14.713545000000002,52.019543
2017-02-10,-12.0,14.581793,52.342890999999995
2017-02-11,6.99576,9.707071000000001,51.228388
2017-02-11,24.818760000000005,6.628553,51.938339
2017-02-11,-13.959999999999999,6.804434,52.208448
2017-02-11,651.34988,9.0095,47.629306
2017-02-11,-16.24,8.165664,47.629306
2017-02-11,74.56,9.487368,54.769801
2017-02-11,-788.8934,8.740771,54.769801
2017-02-11,271.48,12.299951,50.00156
2017-02-11,-305.90600000000006,12.783043,49.290202
2017-02-11,535.5600000000001,6.408965,49.604481
2017-02-11,-18.080000000000002,6.233296,49.945034
2017-02-11,9.76,13.525799,55.072864
2017-02-11,-226.92,13.130464000000002,55.098016
2017-02-11,4.93644,13.041866,47.954065
2017-02-11,-182.48404,12.206069,47.599681
2017-02-11,3.4501999999999997,7.946076,48.684614
2017-02-11,-12.680000000000001,7.375149,49.089157
2017-02-11,129.48,14.713545000000002,52.019543
2017-02-11,-281.80735999999996,14.581793,52.342890999999995
2017-02-12,7.635159999999999,9.707071000000001,51.228388
2017-02-12,56.56704,6.628553,51.938339
2017-02-12,-28.959999999999997,6.804434,52.208448
2017-02-12,1.1026799999999999,9.0095,47.629306
2017-02-12,-13.320000000000002,8.165664,47.629306
2017-02-12,17.84,9.487368,54.769801
2017-02-12,-262.007,8.740771,54.769801
2017-02-12,232.71999999999997,12.299951,50.00156
2017-02-12,-252.5782,12.783043,49.290202
2017-02-12,499.64,6.408965,49.604481
2017-02-12,-8.919999999999998,6.233296,49.945034
2017-02-12,0.0,13.525799,55.072864
2017-02-12,-565.08,13.130464000000002,55.098016
2017-02-12,4.5248800000000005,13.041866,47.954065
2017-02-12,-221.23184,12.206069,47.599681
2017-02-12,4.7421999999999995,7.946076,48.684614
2017-02-12,-16.2,7.375149,49.089157
2017-02-12,164.64000000000001,14.713545000000002,52.019543
2017-02-12,-239.96984000000003,14.581793,52.342890999999995
2017-02-13,10.74076,9.707071000000001,51.228388
2017-02-13,186.46864,6.628553,51.938339
2017-02-13,-80.55999999999999,6.804434,52.208448
2017-02-13,1.5783999999999998,9.0095,47.629306
2017-02-13,-225.04000000000002,8.165664,47.629306
2017-02-13,147.32,9.487368,54.769801
2017-02-13,-562.04,8.740771,54.769801
2017-02-13,323.08000000000004,12.299951,50.00156
2017-02-13,-505.2055200000001,12.783043,49.290202
2017-02-13,580.2,6.408965,49.604481
2017-02-13,-42.8,6.233296,49.945034
2017-02-13,0.0,13.525799,55.072864
2017-02-13,-444.0,13.130464000000002,55.098016
2017-02-13,8.395199999999999,13.041866,47.954065
2017-02-13,-277.96000000000004,12.206069,47.599681
2017-02-13,2.37064,7.946076,48.684614
2017-02-13,-62.08,7.375149,49.089157
2017-02-13,15.959999999999999,14.713545000000002,52.019543
2017-02-13,-360.23999999999995,14.581793,52.342890999999995
2017-02-14,9.34235,9.707071000000001,51.228388
2017-02-14,136.6825,6.628553,51.938339
2017-02-14,-157.25,6.804434,52.208448
2017-02-14,1.8023,9.0095,47.629306
2017-02-14,-681.45,8.165664,47.629306
2017-02-14,54.55,9.487368,54.769801
2017-02-14,-559.4,8.740771,54.769801
2017-02-14,291.7,12.299951,50.00156
2017-02-14,-296.98415,12.783043,49.290202
2017-02-14,621.0500000000001,6.408965,49.604481
2017-02-14,-8.6,6.233296,49.945034
2017-02-14,0.0,13.525799,55.072864
2017-02-14,-374.95,13.130464000000002,55.098016
2017-02-14,7.9035,13.041866,47.954065
2017-02-14,-426.86244999999997,12.206069,47.599681
2017-02-14,259.86,7.946076,48.684614
2017-02-14,-12.75,7.375149,49.089157
2017-02-14,40.15,14.713545000000002,52.019543
2017-02-14,-294.05,14.581793,52.342890999999995
2017-02-15,6.51456,9.707071000000001,51.228388
2017-02-15,109.6,6.628553,51.938339
2017-02-15,-183.4914,6.804434,52.208448
2017-02-15,1.9523999999999997,9.0095,47.629306
2017-02-15,-64.08504,8.165664,47.629306
2017-02-15,12.72,9.487368,54.769801
2017-02-15,-126.59279999999998,8.740771,54.769801
2017-02-15,299.04,12.299951,50.00156
2017-02-15,-373.87856,12.783043,49.290202
2017-02-15,593.48,6.408965,49.604481
2017-02-15,-7.2,6.233296,49.945034
2017-02-15,0.0,13.525799,55.072864
2017-02-15,-505.8,13.130464000000002,55.098016
2017-02-15,6.88,13.041866,47.954065
2017-02-15,-388.05964000000006,12.206069,47.599681
2017-02-15,146.97708,7.946076,48.684614
2017-02-15,-114.81756,7.375149,49.089157
2017-02-15,22.72,14.713545000000002,52.019543
2017-02-15,-511.76000000000005,14.581793,52.342890999999995
2017-02-16,8.98136,9.707071000000001,51.228388
2017-02-16,327.15999999999997,6.628553,51.938339
2017-02-16,-357.96184000000005,6.804434,52.208448
2017-02-16,1.63704,9.0095,47.629306
2017-02-16,-158.48,8.165664,47.629306
2017-02-16,51.279999999999994,9.487368,54.769801
2017-02-16,-585.0,8.740771,54.769801
2017-02-16,461.76000000000005,12.299951,50.00156
2017-02-16,-635.6826800000001,12.783043,49.290202
2017-02-16,605.2,6.408965,49.604481
2017-02-16,-5.720000000000001,6.233296,49.945034
2017-02-16,0.0,13.525799,55.072864
2017-02-16,-582.48,13.130464000000002,55.098016
2017-02-16,8.03432,13.041866,47.954065
2017-02-16,-330.04,12.206069,47.599681
2017-02-16,405.06944,7.946076,48.684614
2017-02-16,-17.4,7.375149,49.089157
2017-02-16,35.72,14.713545000000002,52.019543
2017-02-16,-406.1217200000001,14.581793,52.342890999999995
2017-02-17,8.2516,9.707071000000001,51.228388
2017-02-17,195.81352,6.628553,51.938339
2017-02-17,-240.88000000000002,6.804434,52.208448
2017-02-17,1.4490000000000003,9.0095,47.629306
2017-02-17,-9.040000000000001,8.165664,47.629306
2017-02-17,31.439999999999998,9.487368,54.769801
2017-02-17,-601.7322,8.740771,54.769801
